{"vertices":[0,50,80.901699,0,-50,80.901699,80.901699,0,50,80.901699,0,-50,0,50,-80.901699,0,-50,-80.901699,-80.901699,0,-50,-80.901699,0,50,50,80.901699,0,-50,80.901699,0,-50,-80.901699,0,50,-80.901699,0],"faces":[0,8,9,0,2,8,2,3,8,3,4,8,4,9,8,6,9,4,7,9,6,7,0,9,1,10,11,1,11,2,11,3,2,11,5,3,11,10,5,10,6,5,10,7,6,10,1,7,0,7,1,0,1,2,3,5,4,5,6,4]}